hashed_email,total_purchase_amount,last_purchase_date,store_visits_12months,product_category_interest
4cdde47d052101fe3de4e3659acc6dea,High,Over_3years,Low,Luxury
330fada60beae93da050c462857ac8c6,Low,1-3years,Low,Luxury
ecc26c2cb987b9169323fdada8701f81,Low,Over_3years,Low,Luxury
dc4cb96977877fcb76a75eb4a3cf4fee,High,Over_3years,Low,Luxury
149d24733a97d66d3899346fb5d68406,Medium,Over_3years,High,Sports
ff7659001926c1958ae2df650a2d1f7d,Low,Within_1year,Low,Classic
b85434cdf07a72bbae212fa0a5252839,Low,Over_3years,High,Sports
f8c854b9dc34b56114d83d23ce7fa026,Low,1-3years,High,Classic
6beaa4181d7bd99aee3c96f843029982,High,1-3years,Low,Sports
06590acf538c78a3a8f312299dc4365d,Low,1-3years,High,Classic
d15e3cda978e8221c5e2f9b0a77da2b7,High,1-3years,High,Classic
88d828767fefbbb1af97ad6e203c4d09,High,Over_3years,High,Sports
864f0d99c4e479d31817fa99e4b67b33,High,1-3years,Low,Sports
2f0baa07beb7a5e074965c13c269a6a4,Low,1-3years,Low,Luxury
563012f2f91f05b45c44e86e026e8ac8,High,Over_3years,High,Sports
15e1e75914a60a94ecc46c5a8f4cd2e8,Medium,Over_3years,High,Classic
49576e7d22ceb444cb3426eec17d490d,Low,Within_1year,Low,Classic
89db88cb48d8d61fcac561a61ac9bf6e,Low,Over_3years,High,Classic
957a7c4826a91d3bec7eb454cbce3d48,Low,Over_3years,High,Classic
1754a54b8c97e4ef6765fc054e0ad08d,Low,Within_1year,High,Sports
baed97c234dd7887ded619e467e592d3,Low,Within_1year,High,Luxury
9c04bcf7209da3d192b86876fa3bec02,High,Over_3years,High,Classic
a802e2a6ca4cb10efa6538174f10fcfa,High,Within_1year,High,Classic
c1652aae4765a783c627fa65c3402384,Low,1-3years,Low,Classic
8ada691f0ef067ab0253e43469d04308,High,Over_3years,Low,Sports
d1e8d445aa05791c7d43dca93c6bece8,Low,Within_1year,Low,Classic
6845f9f69746e8471b71117a524f4a3d,High,Within_1year,High,Luxury
5a6ff93b61a32834f72c7cca464cd07d,High,Within_1year,Low,Luxury
a7925293554d726be7fa3b2d520d878d,High,Within_1year,High,Classic
421cef8791f3bbcae0da1f2f99d26aa1,High,Over_3years,High,Classic
acb5dcf7b3155a014b58aeb57b6aee0e,Medium,Within_1year,Low,Sports
48280031cf3734a77eef6aeec4c77867,Low,Within_1year,Low,Classic
d08977ba43d60e38eba2c05b8175afb5,Medium,Within_1year,High,Sports
ccf6eec6083185e5a2f4155227830097,High,1-3years,Low,Luxury
f16db5dd04fce1db868c5410ca20b790,Medium,1-3years,Low,Sports
e8ba321e5f27463b1919d07bf7570830,Low,Over_3years,High,Sports
e48c4b0b8c15534a008f6d8db92e947d,Low,Over_3years,High,Classic
56bdd3ea89aa6fb2705a8b09127c6674,High,1-3years,Low,Luxury
ee1f507b1985db240917c35b1f5a45d3,Medium,1-3years,High,Sports
c29e2c8fd857d9114b649c9f0d99ad05,Medium,Within_1year,Low,Luxury
6202b9ca08770afe5707cdabc0b6c3e3,Medium,Within_1year,Low,Sports
b37973852a8d693335f0c6b2fb5e3188,Low,1-3years,High,Luxury
b11c7982d8c5a6ba6bdf6d0c53fd2e1b,Low,Over_3years,High,Sports
4b947811a695327e8229ff7c2b053036,Medium,1-3years,Low,Luxury
31151e901971ba89c0a742917628a514,Low,Over_3years,High,Sports
f56df9cb205286aa49b7c1c83e72e21c,Low,1-3years,Low,Luxury
4f1ea621d1750767ed70dd8fde790445,Medium,Within_1year,High,Sports
8000b1bd03d62a2c364d745dab186be3,Low,Over_3years,High,Classic
9fa7d9f07fed098923d17a21921c72e6,Medium,Within_1year,Low,Luxury
e01d648b3dc52657209a3302135d6749,Medium,1-3years,High,Classic
5bac70be70f3dbc6bab5df63ba4ca4e1,High,Over_3years,Low,Classic
ce0a1f3adf55d6a370c47b2fc284af68,Medium,Over_3years,High,Sports
2420b2a8ea555595a7f3bc5b0fee9919,Low,Over_3years,Low,Classic
e43bbccd54ced9cfcacf817a918118e4,High,Within_1year,Low,Luxury
53b2f4d0219d51a780410f6221f7de5c,Medium,1-3years,High,Sports
ae929eea02627b75d642aa8da1914ed2,High,Within_1year,Low,Sports
c977399d84f9585ebbabb08621c5113b,Low,Over_3years,High,Luxury
47368a3442c6bf5a8f5c63d5292b6d5d,Medium,Within_1year,Low,Luxury
311e39c7e923f17d3443ee29d7f8ee73,Low,Over_3years,Low,Classic
b92eb365a3961faadde84b599dc7bde1,High,Within_1year,Low,Classic
b3f6f0519c8b9e59b5ded68dabcecd1c,Medium,1-3years,High,Sports
aa633a5a8240c18120ce68ac4f2db722,High,Within_1year,High,Luxury
0ccea39b34e60257d22acb8b32db839a,High,Within_1year,Low,Luxury
0ef1d39d888cfd82f084d4862ac0c1e5,Medium,Within_1year,High,Sports
46386b62afb84d74bab38ac34fac29c6,High,Within_1year,High,Classic
dfb5f6038cb0cc1258e1e0955d48412b,Low,1-3years,Low,Luxury
fc7c0b4a07b9249b98453bf309246985,High,Over_3years,Low,Classic
9552bb012b22cc6580bdac4d9f8e7906,Low,Over_3years,Low,Classic
530f57b9004fc1c57b523d3d67bb59fe,Low,Over_3years,High,Sports
34c04ccdec802b0a2b58e047125530d5,High,1-3years,Low,Luxury
47be51bd262609f3ef19e53ce57228ca,Low,1-3years,Low,Sports
6abab991c024271c444dc5cb131e5d90,Medium,Within_1year,High,Sports
a2b677e132c4d692e3328cea5e2a3990,Low,1-3years,Low,Classic
d082d24732ce36ad7cae3fcaeebdc61d,Low,Over_3years,High,Luxury
8621821027c16f1fcbc2ffee98219a05,Low,1-3years,Low,Sports
5813173e5103022997f103e40b0ac016,Medium,Over_3years,High,Luxury
2ba3694ca1819dfc280bf3e2ac35d61c,Medium,1-3years,Low,Sports
e05ad0558eaf17de9e02c4f9a1436439,Medium,1-3years,Low,Luxury
90e7197f0909f7cbefd0dbed527581ba,High,Over_3years,Low,Sports
e2721573ca74b83236f8f92504c10c57,Medium,Over_3years,High,Classic
3ad870104773f27d7f40e52403e49fc3,Low,1-3years,High,Classic
b7039f880207461f9a891be546406346,Medium,1-3years,Low,Sports
38d4769b49f04a0bdca1206d9db828de,Medium,Within_1year,Low,Classic
fed4934a29e96f0c7dcb38916b110648,Low,Over_3years,High,Sports
232172cf026031f74bad47debbc9f250,High,Within_1year,Low,Classic
f64b3c67a61b3f315c76ddd3806e19e2,Medium,1-3years,Low,Luxury
b38f93f46d1961a0c9b46bddc0c4c5a1,High,Over_3years,Low,Classic
91d758a469425dff0a284cc1a0117199,High,1-3years,High,Luxury
ab7d9e9740f9f9c94ae458ad71ed4c9a,High,Over_3years,High,Luxury
b69e8f405865a0edeaa0b27d2c099ab3,Low,1-3years,Low,Classic
7e6d87f3b90a6b1e3c588ce42e644ba2,High,Within_1year,High,Luxury
3f6871f7e19904ec841eb7de7d170a39,High,Within_1year,Low,Classic
7dce9234ab621aa95de716148b2d224e,Low,Within_1year,High,Luxury
1f31698535cce51736a3013a822ce666,High,Over_3years,Low,Classic
f87a14334ab90a69b69d39d7f24a6729,High,Over_3years,Low,Luxury
a7d13ba2e32520a592deecc7b4f499bc,Low,Over_3years,High,Sports
a03bd7deee23738f0a20d7d2993f000f,Low,Within_1year,Low,Classic
21a3d9954bc53cebf77cab43e1472094,Medium,Over_3years,Low,Classic
7fdc2264d07289098781fb2d95afd50f,Medium,1-3years,High,Classic
31f1f94b09a4ecd314554c71fbf0382a,Medium,Over_3years,High,Luxury
e7dcfc98028447a7b04d051099f689cf,High,Within_1year,Low,Sports
117b9fd4bbb3d2be104969afcc19a583,High,Within_1year,High,Luxury
02505dddd85e7073758ec918f9d49a23,High,1-3years,High,Luxury
7e3795b290bb8c0a459ada25c55740ac,Low,Over_3years,High,Classic
87bf804692653bf2df9300f66ecb6415,High,Over_3years,Low,Luxury
7abcf8a9d88492587b64e111db159647,Medium,1-3years,High,Luxury
ab1ef9ef7375d3230c991fb77c43249b,Low,1-3years,Low,Sports
80a02ae270a117fe32cbb063be9c7ecd,Low,Within_1year,High,Luxury
e697d8f8dd5686d4948c72f7ad9c895b,Low,Over_3years,Low,Sports
f3adce56a2e07d1d02a72fa2989ecd51,Medium,1-3years,Low,Classic
27b3ddc51290af49559bd52a3d95dec0,Medium,Over_3years,High,Sports
bda8bf48e558a8f7d051979ebd8ffdc4,Medium,1-3years,Low,Sports
2d84e437f32ae4057f0ce06eabab8251,Low,Within_1year,Low,Classic
10824a55811b661711f53a31dfd3a3bd,Low,1-3years,High,Sports
2587b48a568bcc8e1dea76ee76ed87ee,High,1-3years,High,Sports
4f7afd232a2c35a08cc15dc27455f43b,High,1-3years,Low,Classic
96660c199a8fe96644315059c3766b78,Medium,1-3years,High,Luxury
1720b5c576b2b5d71d66e0b7887d521d,Low,1-3years,High,Sports
f82e8f82d9080f8ebedbd43943f22adb,High,Over_3years,Low,Luxury
591eb9aff9dfa2088882fa914dc49aee,Medium,Within_1year,Low,Classic
8021ccdccd4f8601d3235758ebdc9d10,Medium,Within_1year,Low,Classic
29bb9e3e9cd8e84f99028aebf940db49,High,1-3years,High,Luxury
145292d8330b7c1a536be6e7ce05efe7,Medium,1-3years,Low,Sports
1681363024366f0cf828aa0da2aa2615,Low,Over_3years,High,Luxury
4a1008d32613f1dcec909f91a4596ae1,Medium,1-3years,Low,Classic
1deab6b854aec9f35a7c3e96c796db4b,Low,1-3years,Low,Classic
3c86eed61147b085da6740688256a40e,Low,Over_3years,Low,Sports
f4d088e0ec12d9d784928e73b151a272,High,1-3years,Low,Classic
2c9a1837e737bd45d9d9adf15a74fddc,High,Over_3years,High,Luxury
239070a4433b4bdf45a8245a69967d56,High,Within_1year,High,Luxury
18eac3895e90e247a838fd5d4011f595,Medium,1-3years,High,Luxury
be3c20def381003e0a8ac033b08b55a9,High,Within_1year,High,Luxury
6cfa26ad3a5845619308810277e3346d,High,1-3years,High,Sports
a572270beec54d3418545c63dc2090f0,Medium,1-3years,Low,Luxury
addf3e95cdd4d33b6363d0f9cab43925,High,1-3years,Low,Sports
78aacfb4120b88d1454f54f32411adc9,Medium,Within_1year,High,Classic
984a18457c81563f2b0b12357a737f2c,Medium,1-3years,High,Classic
3932c0c470f8bc5848141e4575bfaeac,Low,Over_3years,Low,Sports
ee8d574d3342caca8a210bbdc3dda2e7,Low,Within_1year,High,Sports
28f3b46313df28faf0b1ddb2806afd91,High,Over_3years,High,Classic
ec46f2e6e00aacddacb5bd0cb26a0154,Medium,Over_3years,Low,Classic
e935f7e31c1d292ef48f4a46dca8c86f,Low,1-3years,High,Luxury
26846446271ca6e548dd5e274b4c754c,Low,1-3years,High,Sports
c59b7653fd07adae6f241852847fc40a,Low,Within_1year,High,Classic
39b844820a678251ba387e20f0f02feb,Low,Within_1year,High,Sports
ab62ccc0fe34ff66fa0c0078ab429955,High,Over_3years,High,Classic
fe046ef471dbff935b5a255bcbfc56c2,Low,1-3years,High,Sports
5bb46c046cbb8181d90a4b8bb8dd0b8e,High,Over_3years,Low,Sports
f7db34b9d097a5e821079ad7e5a8266d,Medium,1-3years,High,Classic
a795f85ab4a25b7ec964eafdbbb7b73a,High,Over_3years,High,Luxury
caef8102d1e1fd54fc24e2c22d7bb20c,Low,1-3years,High,Luxury
75f440d36116df01604c7dc2e34c4ba2,Medium,Within_1year,High,Luxury
16541f53db84cbca7a214b676171848d,Medium,Within_1year,Low,Classic
fa84c8b82963e1fe144b39264ccda3bb,High,1-3years,High,Classic
09f8540934f6b0d8e48151ce4c65d19e,Medium,Over_3years,Low,Luxury
e74115c353f47c419a1a5d5c9f49f8cd,High,Within_1year,High,Classic
8baa733ea0e00e6196bb84bbb011523b,Medium,1-3years,Low,Classic
86a556b291ac40b75c6cede0f96d1522,High,1-3years,High,Luxury
a50b7452db586eac76befd1e52760800,Low,Over_3years,High,Classic
3b82c8bc76cf860f724035990bf3cae4,High,1-3years,Low,Classic
df772f6aadae2ff5f86a4834fff82511,High,Within_1year,Low,Sports
8f4c58a6d8035f2a5712271f510d5f03,Low,Within_1year,High,Sports
4ce8d81767e762248e60be26bfe14f58,High,Over_3years,High,Luxury
c4eab6223956f6500f2d1481e8314529,High,Over_3years,High,Sports
5bbb769e94c9fb6fc98fe7e826f54214,Medium,Within_1year,High,Sports
122194e8729fd5a918ca1fa62b5b53e7,High,Over_3years,High,Classic
e63cf4e9f8e07c610595fd477385dc49,Medium,Within_1year,Low,Sports
dbfaa50e33134dc603360498f825c9f0,Low,1-3years,High,Classic
838492d18dd1b22e6ed879cb7e17e425,Medium,Over_3years,High,Sports
27ad9c642e15b3052a94735bb8110a75,Medium,Within_1year,High,Luxury
171fc1b07dd6c3345e5eb16840c302e2,Low,Over_3years,Low,Classic
7083489f21dae3deed2b095da9e7a373,Medium,1-3years,High,Sports
1dd12418b1f96287e9048634a6694045,Low,Within_1year,High,Classic
66f6c253c227e376f7c2073125168c95,High,Within_1year,High,Luxury
ac05f93cf99201d9f9b4b67469764e09,High,Within_1year,Low,Luxury
cafb1e3a4be9143ba77b0ad3307f3e27,Medium,1-3years,Low,Classic
e7315ef6cd98d5d0db3ce530a80cfd7f,High,Within_1year,High,Luxury
5e3759501abefa0bd4bd428ed54cafbe,Low,Over_3years,High,Luxury
6e5691a7de21664b63d867d5735bb4c6,High,Within_1year,Low,Sports
8200e1bc7cff6fc10c5492efd882ff64,Low,1-3years,Low,Luxury
751c0de503e13cb0b5c1e0fa69b50243,High,Over_3years,Low,Sports
6f1c5bab10217970a9cf641c712fd77e,Medium,1-3years,High,Classic
0d3dd9dd82d314ebb632471dc3aa0f82,High,Over_3years,Low,Luxury
3e2f3927230aead037b32b1c6333001b,High,Over_3years,Low,Classic
9fefb52ee79629ea3287a3b6e98ba273,High,1-3years,Low,Luxury
ffff3a6cf01fb9d6e3f47481d85b5a25,Low,1-3years,Low,Sports
9d9897cd274e59696e0c6f0fd6216268,Low,1-3years,High,Luxury
137916e124878e3107a319bd96be875a,Medium,1-3years,High,Classic
a2c5639927ef9c5562d8d757ed9a9784,Low,Within_1year,High,Luxury
1dd5ca03bcc002a478fcc32489d60b8f,High,1-3years,Low,Sports
afa012b4d6202f0eefc4373cb34e4fa1,High,Over_3years,Low,Classic
2552750582cc7f597d230c8850019054,Low,Within_1year,High,Sports
afa725706d506b23277e52f662e11ff7,High,1-3years,High,Luxury
f58274dbbd66d22bb5f4aa72ed251b40,Medium,Within_1year,High,Luxury
deebb446dea5e52dd1fc49cefd9b8a5c,Medium,Over_3years,High,Sports
35af21144664b3d40ecb8cd229199120,Low,Over_3years,Low,Classic
f78dcfa92955db063a8396b360320066,Low,Over_3years,Low,Sports
df1b4d28656918938aa697f17e60e749,Medium,Within_1year,High,Classic
7345745b69f1629d7247ed49d3cba5e9,Medium,Within_1year,High,Classic
2d7b5d67d836e1f2a1e291109237645e,Low,1-3years,High,Classic
12411e2fa94a21bfe24a9df5a8fbe1b9,Low,1-3years,High,Sports
4b97ca764e261854546cb01d8889c4db,Low,1-3years,Low,Classic
e93a12893040c4cdacf6f83855d2ec82,High,Over_3years,Low,Sports
d65b5f28ef7ae24808bb9087c075d057,Low,1-3years,Low,Sports
b5c5d221a7422f78c9c1002685488e39,Low,Within_1year,Low,Sports
399235e67e4924e2eeb9567f4abdf832,High,1-3years,High,Luxury
2667b2bdcbeb208a803343b6de50c84a,Medium,Over_3years,High,Luxury
f617bd80753df8b3079ef39b91456fe3,Low,1-3years,Low,Luxury
94ae42727fa1a2fb28d7ca88bde300c3,High,Over_3years,High,Classic
7c04afa8e262b494a3e8a99f23f9804e,Low,Over_3years,High,Luxury
3c45ae56ef2b8a78934814901989b671,Low,Over_3years,High,Luxury
ef6a790aa7dcb49de0eb0924a3d6caab,High,1-3years,Low,Luxury
a417a0d85a66e6eded22ad7fabae9db1,Medium,Within_1year,High,Classic
59b43c63461d87103629c174f5d268be,High,1-3years,High,Sports
f1d3122463fc620d5c27e211c283ace7,Low,Over_3years,Low,Luxury
05739bf9d3b62eb04767529599598b2d,Medium,1-3years,Low,Sports
4bbf34bd15834ebc7e8069e3c69bd6f9,High,1-3years,Low,Sports
e38178460ac9dd86c91c78daaba87375,High,1-3years,Low,Sports
462e49a2ed63756d3713f2900f07b88a,Medium,Over_3years,High,Sports
3fab0f8f1f835a5d0445f8411f6cfd10,Low,Over_3years,Low,Luxury
d1009e37ab8d67bcc5c83638ca56a9fe,High,1-3years,High,Classic
b86464987f6a89952080edd8f9b35421,High,1-3years,Low,Luxury
81a58fae2deed8918076a97935207deb,High,1-3years,High,Classic
24e04d1b435a0f67acb02d9be7fccdf4,Low,Within_1year,High,Luxury
6b6de75bc8d707dc9a5edaa9ab998b1f,High,Over_3years,Low,Luxury
ca0783a114a979bf2e054347afa46c55,Medium,Within_1year,High,Sports
b76efdfaf88941a57ee5106270bd66bd,Medium,Over_3years,High,Classic
f8db7dcebb053685d2033ddd5b028235,High,1-3years,Low,Luxury
7177cf9c5b980cc334cfbbcbe10713c6,High,Within_1year,Low,Classic
24f606fd88b90dbccf443736a074afbb,Medium,1-3years,High,Classic
0dfb7ba2cfd8384060fdda5caeb05863,Medium,Within_1year,Low,Luxury
5773f9232438172bf8d01307c0c25220,High,1-3years,Low,Classic
5174dd1944f7b2ebada8fe865a241729,Medium,Over_3years,Low,Luxury
0a29e0bf5f2eb28874522850f9dd8d27,Low,1-3years,Low,Luxury
d40932126117b2d97072643bddadab5f,Low,Over_3years,Low,Sports
af5c4d7e3aaeedcc121388b9309efdc2,Low,1-3years,High,Sports
8fdf773b9d537a52bb9c3c2c728f0db8,Low,1-3years,Low,Classic
71138551b5932185214878ce263b0e1f,Medium,Over_3years,High,Sports
7fb275dab647ccdc291bfeae6c464c75,Low,Over_3years,High,Classic
9027abfa77328f89b85222d05239c635,High,Within_1year,High,Luxury
f58984e8f706f6a6c5a6dabb746cb254,High,1-3years,Low,Sports
bbfcd4c6b7071ddfcc5855243e42377a,Low,Within_1year,Low,Luxury
916a224dcd7d43a14ebd2a83aaeebc75,High,Within_1year,Low,Sports
c3969c578e0bd59b3c5df2b05203438b,Low,Over_3years,High,Sports
034b0707dfa877cd6e8bcecadbde3324,Low,Over_3years,High,Sports
9fbbd991b1da4aa5cb69226c4d8989f0,Low,1-3years,High,Luxury
8d3dc1ea2b8a1a6ba5b008e136969bd1,High,Within_1year,High,Classic
89b854e6ea111756cecf9d4f9c9d7bf1,High,1-3years,High,Sports
add9a498e0a391207a96feaec2cce504,Low,Within_1year,Low,Luxury
7bf5ee969573995e6e6979b320ac64fe,Low,Over_3years,Low,Classic
1efa81a658acf2e2de6757b1ec59f31d,Low,1-3years,High,Classic
44a4b6e33f3af635f3ab84d35e87bed4,Low,Within_1year,Low,Sports
15a5ae8726d85c85978437f7dd202461,Medium,Over_3years,High,Luxury
748e021c7d9f85ac938fec3932b2d809,Low,Within_1year,High,Luxury
3efd33107cbb22e584729a40b3c9a6cc,High,1-3years,High,Classic
947d08279d4f166499204cc8b7d1112d,Low,Over_3years,Low,Luxury
3fa0bcca7338e5e0866af7c854cd471f,Medium,Within_1year,Low,Classic
9a04d59fc54ebe2b80759fd8b85714d8,High,Within_1year,Low,Classic
47dd195ae5b449a29c2f59b69a833ffa,Medium,1-3years,High,Classic
639e359d0a42f44bcff2956a843514cf,Low,1-3years,Low,Sports
2dae426e6841c7d16dd1b1bb6de0d37a,High,1-3years,Low,Luxury
35563a5f182e00fe03ba04e949db289b,Low,Over_3years,Low,Sports
d59c762b32ee78ee82fe7d35ce231631,High,Over_3years,High,Classic
98df7f0e15217fcf5f5f1a5fabe12d3d,High,1-3years,Low,Luxury
fd56d8621d82673064ee03e3c172b9f7,High,Over_3years,Low,Luxury
8fd06eafbb07e712cb151b9d3829acb8,Medium,Within_1year,High,Classic
3888333fe8d87545f81f3e99deffe397,Low,1-3years,Low,Luxury
e5604372a3e97a06003a07b666d7e228,Medium,Over_3years,High,Classic
20908dba58854c2100d7fec9ae77900f,Medium,Over_3years,High,Classic
aa95ac6435d1a3ad64a46e8edc070279,Low,1-3years,Low,Classic
2a49b336a6fe4fb49044f5d30efca91e,Low,1-3years,High,Classic
2dff82cd37a638a2dd532a5f105040e8,Low,Over_3years,Low,Luxury
d54b2ca0a0800c86fddab60d46a2acc8,High,Over_3years,High,Sports
3c280210d2acd56d913511befe5e0c5c,Medium,1-3years,Low,Luxury
1631d9c83d9e92e0c0715a8f6c0bc64e,Medium,Over_3years,High,Sports
bd833ca00be804fa1713d88dd4f94f46,Medium,Within_1year,Low,Luxury
7c8290bbda8ee570aed28cc9d3cbfa46,Medium,Over_3years,Low,Classic
8a2cc0f45e8bbcc10558a0adff11d91d,Medium,Within_1year,Low,Luxury
6444c493f0bd579b6fc3d38abac641c5,High,Within_1year,Low,Luxury
381981c6bbce5f3b329115aa68d5a3b3,Low,Over_3years,High,Luxury
f56f4a2aacc67a7b72613360e7147f38,High,Over_3years,Low,Classic
511fa97ca70af362aeb2d43197914e56,High,1-3years,Low,Sports
3094ad86a70ae945dedd79ab1ac8d9a7,High,Within_1year,Low,Luxury
da7ac702f61961b3a4c8340b13a86098,Low,Over_3years,Low,Classic
a45f849cda507389cd7b38186fbc0558,Low,Within_1year,High,Sports
18f94498afa939212fc985ed44591420,Medium,1-3years,Low,Classic
f5cf2f9ef8be592273f574aa368166fe,High,Within_1year,High,Sports
1afe7ae181b03d050d66fa15af49dd04,Medium,Over_3years,Low,Classic
f366d4cbb967952e2092ba6926d8505a,Low,Over_3years,High,Classic
026ac7df338401ea0950778b0a51c524,Low,Within_1year,High,Classic
c416f338c21684f26dc78aa436c9a096,Low,1-3years,High,Classic
10502364f720bc50043f566123f61765,Low,Within_1year,High,Classic
313fdaac926dc0a34bd2a664f2818378,High,Over_3years,Low,Luxury
a6fb86558439c6faf057c4e5bd992aca,Medium,1-3years,High,Luxury
9ab9fb4982178464c7ce787812660711,Low,Within_1year,High,Sports
36cacbb345490bc60ae54f7a1673a49b,Medium,Within_1year,High,Luxury
f34c24441d0f5a119c73ac6d6393948e,Low,1-3years,Low,Classic
40abf0ae4ab6e3663244a5563e1f5853,Medium,Within_1year,Low,Classic
48d8a6432869ec7e0cad628d257d75c7,Medium,1-3years,Low,Luxury
28d8161ca61d17a5aa248d971b03e5b8,Low,1-3years,High,Sports
907b63d62fdec82b3654d64bc9130d54,Low,1-3years,High,Sports
39a470b717290d1a74daddb2a966ee54,Medium,1-3years,High,Sports
8ea919f4ed4c7cfbc6fb7a4258cd9598,High,Within_1year,High,Luxury
7284cfcbcc420ac2ae6cd56c74512e98,Low,Within_1year,Low,Classic
792054de2afcf41a67c99e507b09dc4d,Low,Over_3years,High,Sports
6858c9ed6fc97161d390353e9392dcb0,High,1-3years,Low,Sports
3e3d63c36ad727b8b67ec21673840e0d,High,Over_3years,High,Sports
232d1792e7e14ac6a0fb03a7a18008a1,Low,Over_3years,High,Classic
5c0009ed8c0ba12e065645fb04ad3ea0,Low,Within_1year,High,Classic
56ee853cf988eb8a70be3b19e558b368,Low,Within_1year,High,Sports
40dc48dde26e02a3266e3ea7ed4a0b60,Low,Within_1year,Low,Classic
36a141887bc027494afd159aa715b55f,Medium,Within_1year,High,Sports
c56d531080611e099ce4e318f01be7e2,Medium,Over_3years,Low,Luxury
4e57775352d9290724ea2d0748e480f3,Medium,1-3years,High,Sports
383fee7cd08642646d5f3abf81a109f1,Low,Over_3years,Low,Luxury
bd56ab5727b2bfa2d51f12404ce76164,Medium,Over_3years,High,Classic
2d75cfc366a58f28c97352aaa795c05e,Low,Within_1year,Low,Sports
daab2770a162cf02d7bceb50bcb5bf0e,Low,1-3years,High,Classic
f8e33be36642834812f440e82a2c127f,Medium,Over_3years,High,Sports
13281b0897ad2481e0324ebd131dc602,Low,Within_1year,Low,Luxury
2b563a2567f2fb35e4c439c7f1bf2e10,Medium,Within_1year,Low,Classic
c2df5b69b6751bc8efd9a66567a51097,Medium,1-3years,Low,Classic
983ad91375fae4060badf322db4bd5b5,Medium,Over_3years,Low,Sports
ff25977d5f5750e3337bc7761c28adde,Medium,1-3years,High,Classic
55b2ad8b33b569bd1c677f629f87d746,Medium,1-3years,High,Luxury
fb9a52193ff76f402ab2d6d714206205,High,1-3years,High,Luxury
f3a2261c7b92a21c5c1edf3db61f54e4,High,Over_3years,Low,Sports
97d33cd4efd39941f76c032913ee01d1,High,Within_1year,Low,Sports
64fca7cb3f0e4bae20ed9d3d306f48a7,High,1-3years,High,Classic
478e474b01de6fce3948404862fc1606,High,1-3years,High,Luxury
9b74319b44544b0ecb1016f3d94448e0,Medium,Over_3years,Low,Classic
43301b93f710c093d41ec5d194469c4a,Low,Over_3years,Low,Luxury
11df536fd24093928b43d3346ba2e629,Low,Within_1year,High,Luxury
6a319ca2f4df8ac02387780a05a2e02b,Medium,Within_1year,High,Sports
8b19f5f6135330cdf900c08334f3f04d,Low,1-3years,High,Classic
1c970a661e6a122b498f66d9311eff56,Low,1-3years,High,Luxury
0843dce5b730cb7e860208e16182621d,High,Over_3years,High,Sports
bef94b04d0cc5b914fdddf4705de42a6,High,1-3years,Low,Luxury
7630a92e7c8ab952761d474b788f1e67,High,Over_3years,Low,Sports
1c240d776ac0afc30eb3aeb5467298a5,Low,1-3years,High,Sports
dec8c539a150d6411f56fdd5fbd845a9,High,Over_3years,High,Sports
bb493e792bad87c12389dbed52057e65,Medium,1-3years,Low,Classic
cb169ac01271821b2549a3d847d1718a,Low,1-3years,Low,Sports
b03759de791b1f7ba0f1e0c5c9ef0aef,Low,1-3years,High,Sports
ee4470e29420f220170be64f29ecfc51,High,Within_1year,Low,Luxury
25fcbbea135510581a8ba6e0c0904a54,Medium,1-3years,Low,Sports
91b1b04ff9ea933247ffa93648cb8480,High,1-3years,High,Luxury
13c61714c4a47ec1fcf1bc4fb18c0d18,High,Within_1year,High,Luxury
524163832478aebe21a839b713e64776,Low,Within_1year,High,Classic
da61a6a6375d88a8b7131be8c12a3522,Low,1-3years,High,Sports
aeca6de9639c6e0f0ce3203d6699d9cf,High,Over_3years,Low,Sports
3c909fa652130f9fdfb69b4bc4845e36,Low,1-3years,Low,Luxury
f7664bd8fdfb07deca61b0884b07fbe2,Low,Over_3years,High,Classic
2cd9b3629669e216c7a9cb635a1d5ecf,Low,1-3years,Low,Sports
eab33c6e687929491a5e451de84294da,High,Over_3years,High,Classic
c614b7ee029b4f98a76690e51849365f,Low,1-3years,High,Luxury
9b523d5374696d24db7d43dfbfcea26c,High,Within_1year,High,Sports
f6fcfe6922dabae737eb4fef11a7de32,Low,Over_3years,High,Classic
9c1a70a35146ff07a9dc06e697d3aee8,Medium,1-3years,Low,Sports
4eced02c659c89d8fa2fb894e63e3aa6,Low,1-3years,High,Sports
fe80ed1a491825135c61ab6cea6c1c7d,High,Within_1year,Low,Classic
8500eefc5f866d987cf2689c58ab3dbe,Low,Over_3years,Low,Sports
688469e91317405d14c76c8fd77a0a9f,High,Over_3years,High,Luxury
69cf70b5c78923b7690a8826cfd45dc8,High,Over_3years,High,Sports
3e1c2d48879875afbc0d54d70307300d,Low,Within_1year,Low,Sports
27c25493320f2153dc5270da0980de9d,High,Over_3years,High,Classic
a8b5ea9f6b11c21524d8dd8a094f6065,Low,Over_3years,High,Classic
4415388332b15a9ad96f5f651a635404,Medium,1-3years,High,Classic
95ec615913a26f4b7b465a4d09c68892,High,1-3years,Low,Sports
fe75bb333be849bb2dc5aa9c170c3030,High,Within_1year,Low,Classic
365da9083b817d3a0480c6499a767d04,High,Over_3years,Low,Sports
9d7c357063b78f331aa0b68ce9a6ad10,High,1-3years,High,Luxury
68253a2706ed34320320bede4df834b4,Medium,Within_1year,High,Luxury
0dcd95e2be29aab52a9e40092385d47b,Medium,Over_3years,High,Sports
e5b5c445e66535284ec8e1f3fdcf5638,Low,Within_1year,High,Sports
c049e6d32c541dd561f29e88fe096284,High,Over_3years,Low,Luxury
4f27405ea3930a6b602e113a91d78f30,High,1-3years,Low,Luxury
505eca1c81246170dbc9e0151ed845e4,Medium,Over_3years,High,Sports
abcddd47950685b2f6612a11fc548aa2,Low,Over_3years,Low,Luxury
8779c931527c455b6efda69aa1b7f503,Medium,Over_3years,Low,Luxury
acc201fe6d19952f27ccbbf850fe24d3,Medium,Over_3years,Low,Sports
ed1c7d1de57e8c4148e0cfe4d8eae908,Low,Within_1year,Low,Classic
d0530d27e12f51a499955aff2d1250f6,High,Over_3years,High,Classic
0272cf24fc621fe48bc4b83b91dd0149,High,Within_1year,High,Luxury
25909360bd704e881cb765c2e160805d,Medium,Over_3years,High,Sports
f0e1aedeefe5c1adf2596f0b8b8985d2,Medium,Over_3years,Low,Luxury
90d5750fbb224226dcbe886a8362e205,Medium,Within_1year,Low,Luxury
a71d4556b6bac6e39aad805859315903,Low,1-3years,High,Sports
74e570e0142e9c669ca7e83f10a183bb,Low,1-3years,High,Classic
07481aa2065ec5210182d619a6ea695e,Medium,Within_1year,Low,Luxury
121bbc754d692110b584ec739084b724,High,Over_3years,High,Luxury
e4fe055f53a130ada61a1d8ff6472a26,High,1-3years,High,Classic
168155ce6cf9a89d0d13dfd5829cdad6,Low,Over_3years,High,Sports
688d4c4fcf826be2764da0925e0f08cd,Low,Within_1year,High,Sports
6621d14693946ffbeff0ec0fdbb4d7cc,High,Within_1year,High,Sports
b543de1a8efa9f4d7488c54b120dcf47,Low,1-3years,High,Sports
e0868a0c5ed19bbf4ef9d592dddaf3f6,High,1-3years,Low,Sports
8e83e15416ebdc5230696f0e57252d53,Medium,Over_3years,High,Luxury
8714393b026e36fd11e905695203095a,Low,1-3years,High,Luxury
3a91f14ca9adbe8fa8f852c5fe53a9a6,Medium,Within_1year,Low,Classic
41b71dd31d73a96fe213c947c06b9d7c,Low,Within_1year,High,Classic
4f5df466b571227537e8ee823325df16,Low,Within_1year,High,Classic
da932f667550d53a9cedff0773393c3c,Medium,Over_3years,Low,Classic
93a4bb8d94b5d3ce90f74aafc5657ec1,Medium,1-3years,High,Sports
73f618e2f02ddb45e99f17daf726e861,Low,Over_3years,High,Sports
527a3047d03b851a59ea31f3ee21ecbf,Medium,Over_3years,Low,Classic
2bf2ed97c90b2fc4d9b43212fc505f10,High,1-3years,Low,Luxury
1491a02db7408e0b8c522ccb715debb7,High,Within_1year,High,Sports
fbca1981c25457d8cde8496e986167c5,Medium,1-3years,Low,Sports
54f1e5d588f328694313b3ea3a143d7a,High,1-3years,High,Luxury
a406a5c705a6fe5255a57e3d4daee937,High,1-3years,Low,Luxury
1df916333c6fdf3b3cb88c91826f3ad0,High,Over_3years,Low,Luxury
a32a047bb178e9c3586b54f5cd6158cb,Low,1-3years,Low,Luxury
7e4c40ecb3131279f110ba23a0a17a6f,High,Within_1year,Low,Luxury
96d2f62ecaef7544575ef49d3a7c6c21,High,1-3years,Low,Classic
3aaaab57087705e1b26337bec74e61ce,Medium,Within_1year,Low,Luxury
4894131b3ee7df5cdc74f093ba4b91bb,High,Within_1year,High,Sports
0f5b92fd346bf4489931a339e5404c05,Low,Within_1year,High,Luxury
133c47da125e8f3a8b7267320e9a91e5,Low,Over_3years,High,Classic
6d5d68e09db9ccc5145d82fefbead0ac,Medium,Over_3years,Low,Sports
e2e02b519b80c6190ce44a9702c5f4ed,Low,Over_3years,High,Luxury
13e878acf8a39610e10e2595c10ea31b,Low,1-3years,Low,Luxury
f52a74e252395fb0ddfd3f91a8da53f7,High,Over_3years,High,Luxury
4fcc52275efae4da503c59923d739aa5,High,1-3years,High,Sports
c2de3afd7dea660a59b441a0524aa95e,Low,Within_1year,Low,Luxury
4bbb4446362b4f8d8487c7a759ae804f,Medium,1-3years,Low,Classic
38c28a52716bfe9aa30d7e32e3cacc79,Medium,Within_1year,Low,Classic
de3043e07f0992293ef08794359c9270,High,1-3years,High,Luxury
3c180c65351a66fc1b755cd03d1a87da,Low,Over_3years,High,Sports
2ca744ca79a029b64e4b3b6e5c78c22c,High,Within_1year,High,Sports
27433079cf45b94cec587b8153d13743,Medium,1-3years,High,Classic
c960dc00d3bec472a582e1366122ae11,Low,1-3years,Low,Classic
821f404a19b7dc51f50c78c967b852a7,High,Over_3years,High,Sports
e2fd772dd1a73d89cb3157ffa6e56c79,High,Over_3years,High,Sports
b3fbe9e900e3cd5f77ecc12085bf7d4d,Medium,Over_3years,High,Classic
74da11407548371498c6d716311e2081,High,1-3years,High,Luxury
9ace4d2efd5b52e1b8493204ac32548a,Medium,Over_3years,High,Luxury
5197549517c87413dd3e184d5f0bb5f7,Medium,1-3years,Low,Sports
547fcb0b5f20cab7793ddd04248dfae3,Low,Over_3years,Low,Luxury
ad7f5ca4dcc28fa3e2489858bd6e0c14,Low,1-3years,High,Sports
132a7d92ecae4c400ac4ffb012cca768,High,Within_1year,High,Classic
9f64030e78921d6e67076d8d6a98a7fc,Medium,Over_3years,Low,Classic
406ef274a4e05a758569605e93a51734,Medium,Within_1year,High,Sports
3a7454176385e6cfaaf24c6038a61e2a,Low,1-3years,High,Classic
fc77c3c20378e35bd5c431f5397c9878,Low,Within_1year,Low,Luxury
489cbcf2fa0d0ff6fb504c295838db0b,Medium,Over_3years,High,Classic
12d3105012985190bfe24ba4433817b1,Low,Over_3years,High,Classic
9f5c38750c8a4edacbff0fc5868e038c,High,1-3years,High,Luxury
eef82c83c7676da356b2e48a7ed2d582,Medium,Over_3years,High,Luxury
c8748be1e44884fc2e9346ceaa69838f,Low,Within_1year,High,Sports
2e0991a21b18bd8c543380fc267903bb,High,Over_3years,High,Classic
b25f5489ab743a8f912ab6c3e334b084,Medium,Within_1year,Low,Sports
7cf20e591f58a4c27466a799393d9370,High,Over_3years,High,Sports
ff3bb15d560075de5b1f9832aa7909d2,High,1-3years,High,Luxury
2209a2bd0c7fb67f77d5ce2db4b9abfe,Medium,Over_3years,High,Sports
9129df4dee06a55e95a6cdcc72b63763,High,1-3years,Low,Sports
2f9b586f5ee31eea63fdce4b061637bf,Low,Over_3years,High,Classic
2c006ad420b5f27fb39842fde330b7ea,Low,1-3years,Low,Sports
fc94f0b0f550356739d168953a2b1c52,Low,Within_1year,High,Sports
cbeff0034480d11c2c166a793fa0f634,High,Within_1year,Low,Sports
388cafe9ee2e946ec3b9bcc2f04a38de,Low,Within_1year,High,Classic
c23e00f8b804f0afbea4303175181ae3,High,Within_1year,High,Luxury
5755934cb259917f2bf563ec88d8cf05,Low,1-3years,High,Classic
56d669590368ff2918824a3928767095,Medium,1-3years,High,Luxury
4537d6a96b1a54ff4011b4022888fdc8,High,Within_1year,Low,Luxury
e47814305981ff7b0934e0045ce79935,High,Within_1year,Low,Luxury
738c0ad975ef88efbb6a1652ab54bb02,Low,Within_1year,High,Classic
1e4caafe7acbb7f504ed924422bd4d79,Medium,Over_3years,High,Classic
e54598e08f175d3b11cb5ea940660132,Low,Within_1year,Low,Luxury
71e82d8d843950b91a2ce0531683747a,Low,1-3years,Low,Classic
ff23078d3be0e0cd6eacd9662ca2e8fc,Medium,1-3years,Low,Sports
a67b0050e057cf12064b8822c57201de,Medium,1-3years,Low,Luxury
84bf185d9e2a3580d7dda03d41d7c112,Low,Over_3years,Low,Luxury
122048d16519b384d846c2af492b4a55,Medium,Over_3years,Low,Luxury
424a2581e666a9562c972632d857a1df,Low,Over_3years,Low,Luxury
4b1ee6285cb50ad84eca5b0c018a8d38,High,Over_3years,Low,Sports
c00a5b7dfa163ed9635f86609f9ca91e,Low,1-3years,Low,Classic
f103c00b8baad55b2cdf094ba2cf652b,High,Over_3years,High,Sports
1c48362ddc2ddf9477d85d12a1df2cf3,Low,Over_3years,High,Classic
2abbb25d3da5c48eec37fba9b05e3e29,Medium,Over_3years,High,Sports
13c68fb334704766334cc9f65c003ee7,High,Within_1year,Low,Luxury
8c31fe0f0c1fd78778dadc3cf36dcf72,Medium,1-3years,Low,Sports
b5b6f181b251f74e79383af73970e96c,High,Over_3years,Low,Sports
5961fb346de380c4ec792efe729317d0,High,Within_1year,Low,Luxury
57675f51c92e25218873abd1ec99cc72,Low,1-3years,High,Classic
65c949c0eb9485be5cbebcc108279ddb,Low,Over_3years,High,Classic
fe5993883ba3b04e4b5bb866ef2bcb42,Low,1-3years,High,Luxury
14a3c1ae6906aa0cb65dbed78f2646e0,Low,1-3years,Low,Luxury
5744a24e32d6308f0436dd2c5a4e8b2e,Medium,Within_1year,High,Luxury
c5fb88db1fc68f2a5a61b5e180c614c6,Low,Over_3years,High,Luxury
8d7553ec576c959b9eaff3f5a0300f33,Low,1-3years,High,Luxury
48a015eb040566b31d65e8d68ecaabc7,High,Within_1year,Low,Sports
d2045eb84dae65158a7335874803ac76,Medium,1-3years,Low,Classic
3cf6553fcf2e2e396b24321ab48f3ca4,Medium,1-3years,Low,Luxury
314f943ddc9e8205b75d9288223cbf73,High,Within_1year,Low,Classic
9eb227887f61042dde663ee1e22058c0,High,1-3years,Low,Luxury
e1b0d0260072529249636a1c38b12453,Low,Within_1year,High,Sports
c97e9ed75c63b740491fc1503fef9620,Medium,Over_3years,Low,Sports
bb97f1b1a4055f2de7bf282194778317,Low,1-3years,Low,Sports
29dab7fdecba29fc7c6a7c51a538a002,High,Over_3years,High,Sports
e2b2118f5c424af39d200883b295c661,Low,Over_3years,High,Classic
b4019e37d9a2b2dbd5f812130f8c8d23,Medium,1-3years,Low,Sports
dad8d2f873cdfd8465fe4125aa616b8e,Low,Within_1year,High,Classic
b2590dfc5e0e379ada8e9b730bcc34dc,Medium,1-3years,Low,Luxury
e363eab8ad60ac96bbcc00c42202a723,Low,1-3years,Low,Luxury
f248d807f8abf2e70e277b2ad7f71009,Low,Within_1year,High,Sports
f22f8965b739695de0a7094f6b87508d,Medium,Within_1year,Low,Classic
dcca155b19448eeed8af5c0558b504df,Medium,1-3years,High,Luxury
815c8bad308f7371df5f83a967c5c288,Medium,Within_1year,High,Luxury
f2dc07f555c88c21331b7839661e8978,Low,Over_3years,High,Luxury
329d91866d43278714067a3075e2e4a6,Low,Within_1year,High,Luxury
6adfc6440bc56ed39f9b51894a658619,Low,Over_3years,Low,Sports
a6590d56846710185ea19a5b55bfb31f,High,Over_3years,High,Sports
f5a65b4e734e58a0ff7fbf5fc5729160,Low,Over_3years,High,Sports
ef4297265dc221fd2b557e8008e7b409,Medium,Within_1year,Low,Luxury
7441f5f1a0f0f1d174a9e9ec83ce3234,Medium,Within_1year,Low,Sports
f213168759d40d19d97e06c736c31faa,Medium,1-3years,High,Luxury
4e535929bde7af39373a92d1988d3331,Low,Within_1year,Low,Sports
386b43952ce02670942a7e89c5d151f1,Medium,Within_1year,High,Sports
ded715779574ef8f3e40cf238385e6e0,Medium,Over_3years,High,Classic
80288063d90bdccf5d1620e597d203ee,High,Within_1year,Low,Classic
af8f09b0b02ae03b910f9cf2c5593ce5,High,Within_1year,Low,Luxury
eaf7624c1a0c49443bc5126bdf69ceae,Medium,Over_3years,High,Luxury
6638545bc64c64bad52e36f055aa2203,High,Within_1year,High,Luxury
7b60f61d281f8929c9a54f9620523b0e,High,Over_3years,Low,Classic
ff8e6ee4f2142824c8db1af094d63074,Medium,Within_1year,Low,Sports
0b42bb7ae56585726765ce54c29b5329,Low,Within_1year,High,Classic
e0a76a59d901f85f2c9751df0761f131,Low,1-3years,High,Sports
c13312fea4aa5a5fcde61d1a10ccd40e,Medium,Within_1year,High,Luxury
b7a44d4424a1ffeab43159a7463d219e,Low,Over_3years,Low,Classic
01d92d31963b1ae0cb4786c3c2dc17f8,High,Within_1year,High,Luxury
b9bfe5fd23157466c07e817e76495664,Medium,1-3years,Low,Sports
3fad0e055def861e70cb0d31dedfe47c,Low,Within_1year,Low,Sports
b89ef072517b9174e680f1a924b0a22c,Low,Within_1year,Low,Classic
7a18ed7331ea5551473aff1ae6579b23,High,Over_3years,High,Classic
6ff0ce1bc98dbd9dc236296f59318f4e,Medium,1-3years,High,Classic
2c898c04fad07196f65ed5afd9674d90,Medium,Within_1year,Low,Luxury
9f7ba5fc0dcf36b8439e8f3d49862cb1,High,Within_1year,Low,Sports
1ba29b14a9b712abcb2f73a7a896b5eb,Medium,Over_3years,High,Classic
86be7cb431c7e62f0394f7240f8bc2ff,Medium,Within_1year,High,Luxury
6cf7a5efb0a5b642d10e5a45c3836e10,High,Within_1year,Low,Luxury
b777c7c066e64dd29d9f3891382b3e37,High,Within_1year,High,Luxury
5fad9aeeb0a9b35e3864a2053afb5b2b,Low,1-3years,High,Sports
8146892014af3de59877eb73fe94bdd5,Medium,Within_1year,High,Classic
82d3ec5f0b354549910477a02f21ec3f,High,Over_3years,High,Classic
b909577e73202f879b5984ecdd0ee98d,Low,1-3years,Low,Luxury
ad5f12f928f10612b3adedc017372b4a,Medium,Within_1year,High,Classic
0b2bb498026879746e518ea66c1cd34a,Low,Within_1year,High,Sports
ee0840c16bc461bbc2b817ea2b215117,High,1-3years,Low,Classic
b551278e7f10fb94836a72014adbe1d2,Medium,Within_1year,Low,Luxury
f9ee5560106c1e72d1ee60be0b8557ad,Low,Within_1year,Low,Sports
453132985fdb2aadcaf0c5dc7ec3f369,High,Over_3years,High,Classic
d2fa952b42625b1d0aed1bda81494d61,High,1-3years,High,Sports
c201896ed56eca97199515618d9f1a07,High,Over_3years,Low,Classic
982d12f14d44b17c5ca2317e816fde89,High,Within_1year,High,Sports
4e7996f5dbab7181f5942672e1deb86b,High,Over_3years,High,Luxury
1249aa8c05452c63fd0351292c77d7ab,High,Within_1year,Low,Luxury
72b1da5225c719b70aac60558cd2fda2,High,1-3years,High,Luxury
4fd4b87b5dadf5086fe90ca9a99dbd5e,Low,1-3years,High,Sports
2c44f2ff13ad012b345feb3e588c8bb9,Medium,1-3years,Low,Sports
4707f422eb09fd6884b8f7b9aaa3cde1,Medium,Over_3years,Low,Luxury
62d7aaa42143b5a95256433f7bdd52ff,Low,Over_3years,Low,Luxury
7b72b563582da55f1f250f450333f170,High,Within_1year,High,Sports
89825fa119fc7706e2fd381c28e708ee,Medium,1-3years,Low,Sports
d23804410d87cd4e8cfc4b726f7d5b08,High,Over_3years,High,Sports
d21355d0124456a4dbb2cd1cc44ceb6a,Medium,Within_1year,High,Sports
73e5c0039f73f657698ac09202be9219,High,Over_3years,High,Sports
f407296690f5f2d2285e696a02c433d5,Low,Within_1year,High,Classic
89c23d8a663b1b4cdee2e07bc17b2a7f,High,Over_3years,Low,Classic
4d10bdef723f497ce94c971ff71b57a0,Medium,Over_3years,Low,Classic
703f5d561fa10c73959bfe5925e58a88,High,Over_3years,Low,Sports
cb43ee9d4af5d295cdac5b41381fbc10,Medium,1-3years,High,Sports
118f61dc61e357c3e608e4530bacb93c,High,1-3years,High,Sports
f99c99d5f06e82ca1cc6b47129dff89e,Medium,Over_3years,Low,Luxury
113eb867f15766ac6e09aa1d105d3963,Medium,Within_1year,Low,Luxury
cbc4d08c12099ab21e327cfafde0b292,Medium,Within_1year,Low,Luxury
e9a114ad5770861eb60ad6e597ced885,High,1-3years,Low,Luxury
b7cdec27a272775a6ba12742afbde5c3,Medium,1-3years,Low,Classic
c83dbdae5c761393d0f4977ec2615c3a,High,1-3years,Low,Sports
1f2e2130fbf80f6345139475c18bacb2,Low,Over_3years,High,Classic
5f81115c1c127abe990d32d3f29894d3,Low,Within_1year,High,Sports
e940d49adaf8e56560bbc1fa58ab815b,Medium,1-3years,Low,Classic
513f88090aa8b92d16e119375c6c42c2,High,Over_3years,Low,Luxury
404c17e548a143eec56a9c6538317990,Medium,1-3years,High,Classic
1226c7047e6f6c3f27953e509e2074ab,High,Within_1year,Low,Classic
47d0b7ef99565a5bad0941ac882acd74,High,Within_1year,High,Sports
97e3ca3bab3bf0f31fedbad81f63a2b0,Low,1-3years,Low,Luxury
3039a6da387b4e6b0b922160d2735c6a,High,Over_3years,High,Classic
b48574ce44c8fab7b1840115bc576385,High,Within_1year,Low,Sports
90042521931998ef4267d89077a30e35,Medium,Within_1year,High,Luxury
6c31dc6e2ffd060eae2e2980e1d7e5d5,Medium,Within_1year,High,Luxury
32be5c92cfadc152d7996d02ff814f93,High,1-3years,Low,Sports
9d4f331b280b776830a173cce8105fca,Low,Over_3years,High,Sports
f0eb24cd778139efe5c2ba636e6b31f0,Medium,Over_3years,High,Sports
4896e8fed30c9908a1475f0588d551c8,Medium,Over_3years,Low,Luxury
add14a6ee27cdd4d6ece458224d36ac3,Low,Over_3years,High,Sports
174dada6c1bcd4379f474c94b1a954c5,Medium,Over_3years,High,Classic
8de19cd9595b0174ec68837ed50033b2,High,1-3years,Low,Sports
51ca67fb32fcfb00a83120c18673c7b1,High,1-3years,Low,Classic
fc93e7d0658ad6fe3c565b8c478e1755,High,Over_3years,Low,Classic
f4e2a21d68d6ffa764c395ac0f98dc9c,Medium,Over_3years,Low,Classic
bcfc8d7eeb5bd3e65a7fed23e12395ad,Medium,1-3years,High,Classic
3d7390da96ed7fca821d3bb753661cee,Medium,1-3years,High,Sports
c0779bb4d118afc682c559ffbf4235ab,Medium,Over_3years,Low,Luxury
7a7c2ef874179a6941482db6133a59d7,High,Over_3years,Low,Classic
53f65d053a03637fc142d8817e6910bb,Low,1-3years,Low,Sports
62c91ca0d62c9c199148a04ca4d93717,High,Within_1year,High,Classic
b00d0b66e8cb9f3d6797999d4e2bf6bb,Medium,Over_3years,Low,Sports
bb5055536360a7374a1fa0006129ffe3,High,Within_1year,High,Classic
4c08000cee32c23526b3317d4ffed0fa,Low,Over_3years,High,Luxury
d9257247c2370e370de46cb3cd01f432,High,Over_3years,Low,Classic
ef7ba5cfeb65e286e8d7eef997916abe,Low,Over_3years,Low,Luxury
78a50fc928f9977a93dee25178b073a3,Medium,Over_3years,High,Luxury
86c2dcdf24ebdfe42afe00c2a4a0bca0,High,Within_1year,High,Sports
a0aa4385da8d6e1d1002ed76c10b1867,High,1-3years,High,Classic
f433dc451ac47b49a7ea6c60d3e9e71e,High,1-3years,High,Classic
75135d4d0040926a9a6933ef24e08e11,High,Within_1year,High,Luxury
2c9a5fe825087e1a5eac11fc640f3c04,Medium,1-3years,High,Classic
22bb3e099fa5dde25f06350411093cae,Low,1-3years,Low,Sports
b42e03520995d058134d2b8ce527a846,Low,1-3years,Low,Luxury
0d8a0fbdbd2542059817d3c438a077e3,High,1-3years,High,Luxury
fe14d4f3ec439eec6b887802f0f17e3c,Medium,1-3years,Low,Sports
d00d44caccb4dc8d3be93c0dcb32c8f1,Low,Over_3years,Low,Sports
e701e312e3f8d54fe3f9cc33af158c84,Low,Within_1year,High,Sports
cc4b68b5c430131995906404f1e1e59e,Low,1-3years,Low,Classic
cded961813308bba65f40e0b82dbbd83,Low,1-3years,Low,Sports
f934dd43131f49b67bc87fe36038644d,Low,1-3years,Low,Sports
69831a387755bc361f9ff7fcc4f6ee33,Low,Over_3years,Low,Luxury
ca5c36ffbd15e5e0ca7d1a54d760bb38,Medium,1-3years,High,Classic
d98194c3be028b44d51086e242c8fad0,High,1-3years,High,Luxury
705c64b99d7f415098a128eb834a68bd,Low,Within_1year,High,Luxury
cb1dcab5217a08cf3dcf1853bb698eb9,Medium,Over_3years,High,Sports
5281318e61c3cafe896f1bbfea8a884a,Medium,1-3years,Low,Classic
957249593c9f9bf4200d00482eeb93ec,High,Within_1year,Low,Sports
30e5134b029b546d0707e169a3191b44,High,Within_1year,High,Luxury
9bf69dfb3080beb70d9a1ff02790e311,Low,Within_1year,High,Classic
2c2c59a0377ce0e80c25013fcee51e48,High,Within_1year,Low,Luxury
4fd40c200cf95172f3eb5b9fd6ced272,High,1-3years,High,Luxury
cebad694c5e1f3f4ab6fd0aba6b87263,Medium,Within_1year,Low,Classic
f140f9996b774f57a572af322839fa95,Medium,Over_3years,Low,Sports
86fb1347a10e49d31f9fba62d0121c1b,Medium,Over_3years,Low,Sports
a5fe82b45fdbd51bb8e96419b645d0de,Low,1-3years,High,Luxury
4fdcacdf46f48ed6a8a697ee2cf33eee,Low,Within_1year,Low,Sports
8bb1332f1a071567fd4ff1b98fd656fd,High,Over_3years,Low,Classic
50ba24053a545515b3891a1a033a94fa,High,Within_1year,Low,Classic
34d09f6a40d2b2700915f582cf4cd806,Low,Over_3years,Low,Sports
589f9fc69e2b6ad65db7d7b6ee2d562e,Low,Over_3years,Low,Sports
d25c82c2a3b03b91413db57022b4323c,Medium,Over_3years,Low,Luxury
0c8eb3541cf6eb18185f4c99e34c8f1b,Low,1-3years,High,Classic
e15d03c8ad699ec6d25589737b5252b6,Low,Over_3years,Low,Sports
504b93098fbbae9b8d3d99a1ea5366aa,High,Within_1year,Low,Sports
dedd7935fbd44147f1e847d432b6e18f,High,1-3years,Low,Sports
adb4e82b18c10c33239457d07ee2cbbf,Medium,1-3years,High,Luxury
43d9a74e1b3e95bd302809ffead397fc,Low,Over_3years,High,Classic
ae7626cd5faa6203500bed824c0429ca,High,1-3years,Low,Luxury
1781147b3924fdd1b02824f538757892,Low,Over_3years,Low,Classic
d5d69eddcbfe528131653c92a4596ce8,Low,Within_1year,Low,Classic
de9d2d57225ef55c9632e796767d8d56,Medium,1-3years,Low,Luxury
75f559c74fd8404ea8bd6afa364e7ae9,Low,Over_3years,High,Sports
149ba6f4c229e5e56122140140a0b283,Medium,1-3years,Low,Luxury
459c2480f469d2b64a6fa0b51a8b2ded,High,1-3years,High,Sports
2deb8c0c8b3eb351099ec489c0bcab59,High,Within_1year,High,Luxury
cbfce6b2352d0684657666b0b076d6e6,High,Over_3years,Low,Sports
ed2b7a86c68ab52f43536d83f758f784,High,Over_3years,High,Luxury
d2de40424e412cc67a5021b29277bdee,Medium,Within_1year,Low,Classic
45cc84edb7242d9d302c121821876f57,Medium,Within_1year,Low,Sports
d180d003fe662a2931fb3393656d1db8,High,Over_3years,High,Luxury
cb1c1561b0cdbd000dddf3cacb1bd8ba,High,1-3years,High,Luxury
9e04515bf05d14e5f521d278e8fe8ced,High,Within_1year,High,Sports
5dfd414ba29f4ffa704991b7e57aa50d,Medium,Within_1year,Low,Classic
422b7b5543a1f5c09f9829735e06716f,High,1-3years,Low,Luxury
191b8211436e07fab5c43ff37a0cfc0d,Medium,Over_3years,High,Sports
1ac40bf66eb38f9bc09ca3ed653d3a9e,Low,1-3years,High,Sports
e6d7413ffb30f6c9989682bdba42f43f,High,Within_1year,Low,Classic
4c346b0db5e63b67a70ec13b3b488404,Medium,1-3years,High,Classic
886a893e30fea7a101923521483581ed,Medium,Over_3years,High,Classic
78ded548e66d858cd8830e90fa4af5e9,Medium,Within_1year,High,Classic
9cc24a1fccfb026c86f38fbe0e4fe125,Low,1-3years,High,Luxury
b5dac185de924dbd954693521b273f29,High,Over_3years,High,Luxury
0a428ed15d09878361ded2e43836858b,Medium,Over_3years,Low,Classic
bf91cc2d0a36427e40666857e2d5c43d,High,Over_3years,High,Classic
0a72dcffb40214df0d2ea6e136a12a19,Medium,Over_3years,High,Classic
47e35080413b431bf226218e365a5e0a,High,Over_3years,Low,Classic
21bc3a8fcdcf66e63e04a6cfcd31a778,Low,Over_3years,High,Sports
5b009073011ceb9a6ec96c9263365fe8,Medium,Within_1year,Low,Sports
7505f264c7876c1e04f1f4ec79e796c1,Medium,Over_3years,Low,Sports
d4c1678db5069cb496541aebdbc49518,Low,Over_3years,High,Sports
21f0148b0b963881c4b8ff65999bc9d3,High,Over_3years,Low,Luxury
8f2717a7377128a7c7550e107b2fc312,Medium,1-3years,High,Sports
f714a7ecffec6314012599c2885235f6,Low,Within_1year,Low,Sports
5ad6a9f1c48521c14e35e23154e21056,Medium,Within_1year,High,Sports
52b482e4e1162454c353edefd68b94fe,Medium,1-3years,High,Sports
5e8b43e6e3e8cd06ad43ec745df7ed80,Medium,Over_3years,Low,Classic
54d11370b0c1ff0f83d6029390f8a4e4,High,1-3years,High,Classic
a0a64ba087455982a7b88f7e61286d8f,Low,1-3years,Low,Classic
500cd18a0711caadac9e0d7e40187d96,Low,1-3years,High,Classic
fbe9fbbf76b74dc1199258308413ac86,Low,Within_1year,Low,Sports
0af3f30107b25b07ca5a4031577f2dc4,Low,Within_1year,High,Luxury
fd26b2509073630407c614af27f5f7bb,Medium,Within_1year,Low,Classic
b14d2c468a5e2b4b98451ed9851974c7,High,Over_3years,High,Sports
32b97c029820b94b9d471cb25fd2ba93,Low,Over_3years,High,Classic
244c653bfef2d5c411e9483a49b5ae56,High,1-3years,Low,Classic
56a2833599db393a91a1fd06044eb3d0,Low,Within_1year,Low,Classic
d47887eba04306747e079c9c772e83a7,Low,Within_1year,Low,Classic
94881009ed68b947282e607b399969da,Medium,Over_3years,High,Sports
d14e9f2938c3a22d134b3359c340a710,Medium,Over_3years,High,Sports
272f230eaee71345d7724f3747475099,Medium,Within_1year,Low,Sports
6453999267f09f529aab32df2d7955d5,High,Within_1year,Low,Luxury
e59af34533d6e9058725669968ffe2ec,Medium,Over_3years,Low,Classic
924553ab9df289ea48c2b512144465af,Medium,Over_3years,Low,Luxury
54115424168b04e6efc459dbf492d876,Low,Within_1year,High,Luxury
49837a7c04188ee0dacfe58aefb6ac70,Low,1-3years,Low,Luxury
00553f8cb3f5c88179fd2c2364af6836,Medium,1-3years,High,Sports
a4f45dc42a230d3a4f3a44d96f20afdb,Medium,1-3years,High,Sports
7f0a050179559cf96fac663042ddb313,High,1-3years,Low,Classic
10e9399842c1cedc4bbdf0e7cc7418c7,High,Within_1year,Low,Sports
4d9435d231e5f01890790752ce98c144,Low,1-3years,Low,Sports
d7f7075314ae3db4f30f1cc4774523d1,High,1-3years,Low,Luxury
e7b6b4f93981676a90c161c06fb17a8f,Medium,Over_3years,High,Sports
a49ee769d0eefac968acc8ef9a9334b7,Medium,1-3years,Low,Classic
3689745a14d0bf6ca0bcd79b726f9588,Low,Over_3years,Low,Classic
1380171259f83442705e4668781a34f2,Medium,Over_3years,High,Luxury
93600c22c1fc9518cc3019a98d72414c,Medium,Within_1year,Low,Sports
6cc2ccfba654b3efc26d824cdc6a1812,Medium,Within_1year,High,Luxury
e4766f40afab7a3497b1426f97067f1c,Medium,Within_1year,High,Classic
68a4515dcc23c6a17efc72aa07f2b3f9,High,Within_1year,High,Classic
7e678f61c20cac5bf791770cd47a71f4,High,Over_3years,High,Sports
3e23b9457dfba6404e89176501577f0f,High,Within_1year,High,Sports
969ed1d9694f684888187591518cd5a0,High,Over_3years,High,Classic
023a6ff43f1089c52613ce8154d1b08b,High,Within_1year,High,Classic
69b1fbfc885be987610e1bc366f45b8b,Low,1-3years,High,Luxury
f1eb1deb3b1d4b956cd39e29e7ea1dde,Medium,1-3years,High,Luxury
9d3533c21180553c9bcf8cc7e461dec0,Low,Over_3years,High,Luxury
723838f8f9e4a0a27be3e96a4c34b83e,Medium,1-3years,Low,Sports
b62b418a3fb1061c14814f9e44b182c8,Medium,1-3years,High,Sports
03c58b8700fc69ad50f3169032670f14,Medium,Over_3years,High,Classic
bf7e8b080582a24d412f64d22babafe8,Low,1-3years,Low,Sports
f45351b1c01803185c5e75c91207c35f,Medium,1-3years,High,Sports
8b36ba7503f08f5ceb8899298751e91d,Medium,1-3years,High,Sports
a5e6a86205a134173d1cf31ed5b35020,High,Within_1year,High,Sports
72f94f76cfa08e3cacb069ed5177c668,High,Over_3years,Low,Sports
f5ad740df14b1676fc6e9d1cfd1c139a,Medium,Within_1year,Low,Sports
108ad9ba1d3da46bd977a741194c9a1d,High,1-3years,Low,Sports
e7033ad2d1005c499bf2e59277653e63,Low,1-3years,Low,Sports
5ba11ace2fbd3ef5354d0c4c86a6a94b,Medium,Within_1year,High,Classic
03337542cf6e262b8121a18255f2b4de,Low,1-3years,High,Classic
b5cdaef8a650749a1d0e0373e53d6cdc,High,Over_3years,High,Luxury
aef67d967e7d8e5222078ea5b2d8825a,High,Over_3years,Low,Luxury
c5dda4faee2070a4881bbdc44eda1688,Low,Over_3years,Low,Luxury
fa951fb2e68a03483ca6b2827475422f,Medium,1-3years,High,Sports
64816369d6d14323cad01bae1b62db38,High,Over_3years,Low,Luxury
ad1fa802f8b9e2c2892b2796d0c59e8d,High,Over_3years,High,Luxury
e09036e3f463b41d14aa232d272c837d,High,1-3years,Low,Classic
046b14e04d7aa1df74592a9a29e52d19,Low,Within_1year,High,Sports
476fe1e8d848cc2fd21d8d5232713f62,Low,Within_1year,High,Sports
6de6e22bf4343ba63612b86bd5fc3547,High,1-3years,High,Sports
2299454d67f1a3c7a8a3f8425ac09f06,Medium,Over_3years,High,Sports
7fd8d3c06c0a2280c9d5f2b708292170,Low,Within_1year,High,Luxury
130735d60a271c84f21e1bdb35e8689a,Medium,Within_1year,High,Classic
bb67e0048d69dc6cb0903188765bf43d,Low,Within_1year,Low,Sports
54b0a52176b8e72283ba1317c6f6077b,Low,1-3years,High,Sports
ca29af772ea570b014ecfd343daf5811,Medium,Within_1year,Low,Classic
ec208c749a241448c41a5c9b63d5609e,Medium,Within_1year,Low,Sports
888a826c40489dbd9a7d992d1fdfe93a,Medium,1-3years,High,Sports
fd74c2af667f2581444af623ae941fad,Low,1-3years,Low,Classic
0d012ad3f5d9572a4d5c9e0097a57fe4,Medium,1-3years,Low,Sports
1c883b1da1229688750cf278eaca6682,Medium,Within_1year,Low,Sports
619014fa11ca1444e470cf2538b4f5e1,Medium,Within_1year,Low,Luxury
78d59b49ec30c6197f0a2f6bc10c8732,Medium,1-3years,Low,Classic
ed88f18991fac25ef773393f9d7cee63,Medium,Over_3years,Low,Luxury
21dad72713a8d6d53e061b3148704fcc,Medium,1-3years,High,Classic
4194b18fddcb95524a686745d9c619cd,Medium,Within_1year,Low,Classic
dd47cda21e402f1abccafd31c67c9ab1,Low,Within_1year,Low,Sports
398f6f7e30719657e78afda745c3c1e5,Medium,1-3years,Low,Classic
7a31998bf8e3ed8d1c74f8545b87197a,Low,Over_3years,Low,Luxury
fbaa4db032d85f8261238c00e11c8ef1,High,Over_3years,Low,Classic
991ddeacaa70d4ee4232a2a2472dc945,High,Within_1year,Low,Sports
3861af0b1a8cc78da266d28f4724ea1b,Low,Over_3years,High,Classic
65ff2948da2eb826cef884610624e530,Medium,Over_3years,High,Sports
83c6e1e81cf6c58536d9f849007f9a9a,Low,Over_3years,Low,Sports
7102b8997927a99566f2d4b2f0a58a0a,High,1-3years,High,Classic
78b373a89ff5378d80ecbb7babfbcba3,Low,Within_1year,High,Classic
3dbc14b62428b50314258e2bbb943d9e,High,1-3years,Low,Classic
0a62cb1a719419cea9639bd9ff07a800,Low,Over_3years,Low,Sports
1a4c04d7feac23e2ab17007b282cb798,Low,Within_1year,High,Sports
50ea3ca2b7deee2217bd6cc8e3e6185f,Low,1-3years,Low,Luxury
2224c24f7ccf6cdf120cf86ba2a01183,Low,Within_1year,Low,Luxury
e7bfcb4abad0d16ab5b8cd1480404b56,Low,1-3years,High,Luxury
ff9b800c309b380eefd50b5deda5b189,High,Within_1year,High,Sports
a223c56a9cc6b446e44ba7e675dcecd4,Low,1-3years,Low,Luxury
17627fa3b099d14b35e207f27315843c,Low,Over_3years,High,Classic
2282d088e262a5541d4f1410f5865094,Low,1-3years,Low,Classic
cc4b9e854bcf0e074dba937350d67a5b,Medium,Over_3years,Low,Classic
f72c3b437a5fa7fec00f3919b11ad3f7,High,1-3years,Low,Luxury
e62436272f4c26b23654b193618244a8,Low,Over_3years,Low,Classic
1d6472a36c33ae016c2590f9886ace80,High,Over_3years,Low,Sports
c3d8090fdad72043553330fa9e6782a4,Low,1-3years,Low,Sports
6f43cd66233f345ca3a94779afbf7e4d,Medium,1-3years,High,Classic
86cb67f7059eac56efff32170107d190,High,Within_1year,High,Classic
e46751df654ed93f905ad5720f30823f,Medium,1-3years,High,Sports
03aaaf23b5326557df6e41c1166fd0f1,Medium,Within_1year,High,Classic
a0848f8461caf42c5bce1fd3218d8289,Low,1-3years,Low,Sports
c5ea2da1d8efdb6b849cd796479451c8,High,Within_1year,High,Luxury
cf1e6a758a27fc8a7618678eb59559c4,High,Over_3years,High,Luxury
18f089d262eb8182644245124f0a0cc2,High,1-3years,High,Sports
88e70790360a6d7e0df076b984b5611b,High,Over_3years,Low,Luxury
530031073a035a92aa6e8706b48355a2,Low,1-3years,Low,Luxury
9911fecdf940e94bcdf3ec7b6ea2240d,Low,Within_1year,High,Sports
c37fda03706b883f6786125850e0f6ad,Medium,1-3years,Low,Classic
bd9ac44f2f62c935479e4b3e2836b7e7,Low,Within_1year,Low,Luxury
4227517f9766b35da2fc8a6da289cb9f,High,Within_1year,Low,Classic
8654391e574ddbe65ce62e13167b213b,Low,1-3years,High,Classic
0d6d0afd466e788a8a5990ae1c207a08,Medium,Over_3years,High,Luxury
8e0dcd4738d6cf4f1c0af584317f66ee,High,1-3years,High,Classic
7a4025c77675d9fc44452afb11ace073,High,Over_3years,High,Classic
f606ae062df965bcafe425095fc7460b,Medium,Within_1year,Low,Luxury
fb327c429d3c6b9f610e8130d27f034e,Medium,1-3years,Low,Luxury
b07eb89bc1bf4a2f379e8d7577756c02,High,1-3years,Low,Classic
0757a6823a015b07ba756855ce247466,Low,Over_3years,Low,Classic
1206f69dec4a7038b07ac5c0865fb7c1,Low,1-3years,High,Classic
2e15dd70b97680bda7841663b43e8087,High,Within_1year,High,Sports
59c083aa34f8a07a23857c5caadca92c,High,1-3years,High,Sports
f59c596f48cfb9b7e29a341eec80870d,High,Within_1year,Low,Classic
d3926054dee05e8092275f3b95dde089,Low,Within_1year,Low,Luxury
dd3a6d02aecdb3f5436b9fc76bab49be,Low,Over_3years,Low,Sports
48624b11f0d1e03a9212f300a96ca8cb,High,Over_3years,Low,Sports
860045e49df40930d2d19a6a760d5cec,Medium,Within_1year,High,Classic
b87dc9c5c801284ee796495c2bdc580f,High,Over_3years,High,Sports
7ec19a19b2e0db491ac296ed71a42868,High,Over_3years,Low,Classic
fa6d3922326dfcb9393cefbb18dde284,Low,Within_1year,Low,Luxury
bdeee40453ff5985db9fa4580e86e31c,High,1-3years,High,Classic
c935800f79b798dbde62fbebc0729f67,Low,1-3years,Low,Luxury
f52c6cc763dfebb2ec00d970e9342351,Medium,Over_3years,Low,Sports
336cadb353aa81774186a1103cf6bb04,High,Over_3years,High,Sports
4fa8a70d563b9705a8586fa2727e3edf,Medium,Within_1year,Low,Sports
706a9eb42fc117d33e9152310037d5c8,High,Within_1year,Low,Sports
f6ce62a5970288ccf22da17226060ddd,Medium,Within_1year,Low,Luxury
59e59a76ef391ba969458cd3230a9a6a,Low,Within_1year,High,Sports
24d0aaed3875ee59d548d434f2f60b71,High,1-3years,Low,Classic
1268164810ea51898e16bbea5453c261,High,Within_1year,High,Luxury
c8ae624eac313570fb1f48bfe8d627f6,Medium,Within_1year,Low,Luxury
773a27b742df296f43aec22d6108bf96,Low,Over_3years,Low,Sports
7cdbbf1e1aaddc55bc2405746c20ec0f,Medium,Within_1year,High,Sports
dce7874f02cbf6a08733175624d20865,Medium,Over_3years,High,Luxury
7cf4c132ad0b8bd596630844aaa56b71,Low,Within_1year,High,Classic
bf93ee7acb225a76a6b5b609b9a96fb8,Medium,Within_1year,Low,Classic
8f9885a307e4f3f1d1520d3091f532ba,Medium,Over_3years,Low,Sports
121d0672c0c8bdc0b43cb9dd3fe932ae,High,1-3years,High,Sports
96341a3d8db784c1107a1202495aa92d,Medium,1-3years,Low,Sports
a6744f0ef1fc251b80581fa75d92498f,High,Over_3years,Low,Luxury
6ff158d37f636b6945944149c29c8196,Low,Over_3years,High,Classic
f932f82e033ffa098bbe9de87c1db2b8,Medium,1-3years,Low,Luxury
ce6ccdb5630004e4645c686505c98c65,Low,Over_3years,Low,Luxury
a96d99641f393d6ca07a10c34f90a3a8,High,Over_3years,High,Classic
e2c1cdaeda06bf5d430899c929debfdc,High,Over_3years,High,Luxury
2f0d25a8b95085e4a5a5496d1c8148b0,High,Over_3years,High,Sports
fec771bc16cbd2631ecdccef03c2c2f8,Medium,Over_3years,Low,Luxury
a763258ee7b1136c66b35471cd8e98a8,High,1-3years,High,Luxury
6c4b66ecb8832a746912ca7009d9b44d,High,Over_3years,High,Classic
dd0aa57b94f3398cbac679f5ee8832c0,Medium,1-3years,High,Luxury
af930f66128aba2e45e15aa7cf371824,Medium,Within_1year,Low,Luxury
667979f2525ec47aec908df4da5d139a,Medium,1-3years,High,Sports
7fbdf1f10209fb3180346749ec7a9c3c,High,Within_1year,High,Luxury
222a67ca544b76ba887c5d3635b848b9,High,1-3years,High,Sports
ebe605550d874fb22f4dce00dfa1f265,Medium,1-3years,Low,Classic
ff9c6131d30cebd61d1d6e52b809489e,Medium,Over_3years,High,Luxury
e663a7f86d25014336aabefc84c9097b,Low,1-3years,Low,Classic
ee14efe25096f942be1b301823c94021,Low,1-3years,High,Sports
d9a3f6ddd49a4b4d5a0d937cac247570,Medium,Over_3years,Low,Classic
240d0a24167b7198fbfcf3468cf9cfe9,Medium,Within_1year,Low,Sports
b0f81127e553adc70fa6294dc1307c80,Low,1-3years,Low,Sports
96028dc165eb4a3201212693e6cbbf29,Medium,Over_3years,High,Sports
0102e61a0c2a81227d6a729c67a0cad1,High,Within_1year,Low,Sports
6e421beeb8361a99dda1c05d8dae520a,High,1-3years,High,Luxury
92a26776d86598355be3458dde28e9d5,High,1-3years,Low,Sports
fead8fe892c07c64c9c7ae82007d6f4a,Medium,1-3years,High,Sports
a43c2ebc61d69844ee224f9004c8c6ba,Medium,Within_1year,High,Luxury
a6fe230f90520b9b140e8d2f0d0aea96,Low,Within_1year,High,Classic
2a1fff8468f31a6d113c04506fea71a8,Medium,1-3years,Low,Sports
91887142e1f9a924b1ed8418667db952,Medium,1-3years,Low,Classic
052057836012c71a0659875d09745472,Low,Within_1year,Low,Luxury
bb5a62b2a3210d1d107bd7152264535a,Medium,Over_3years,High,Sports
13fb9ba4f26875aa3869e8eda7e1e6a1,Low,Within_1year,High,Sports
0768e034f5a5fac5725c209c9475a9d9,Medium,Over_3years,High,Classic
3b41cece96344a0dcac699da3aa616a1,Medium,Over_3years,High,Luxury
adc6f0558165efe1b8018489bbb3dbdc,Medium,Over_3years,Low,Sports
fdf64419650d08ba410f44beb08ab344,Medium,1-3years,Low,Classic
6f184dfc534c11cd012c3effcca072c5,High,1-3years,Low,Sports
d1caf80e00d81b3d6800a177f2128420,High,Over_3years,Low,Sports
c154e602135c01d160ea5c9fa10b4f6c,Medium,Over_3years,High,Sports
112e7f317b52e2654e36c82ad321dd8f,High,Over_3years,High,Luxury
8bf6e9ae59f760a1f48d5acebcc598df,Low,Within_1year,High,Luxury
28a902d6efa91adf6532501805b87b52,High,1-3years,Low,Sports
361fd7ec69064c94c2748c6be4e1c495,Low,Over_3years,Low,Sports
5d3669af43e4da52fc006f0ace598960,Low,Over_3years,Low,Luxury
e7077167b692a15ef6c63bf610cfaed9,Low,Within_1year,High,Classic
25693277b46c8d911f3973dd226d85fd,High,1-3years,Low,Sports
4b09e8f53c4e797ba0c92b6bcd470093,Medium,Over_3years,High,Classic
ac931bebae303b6fedc14013f42ccf40,Medium,1-3years,High,Luxury
172c1c6a35465d136acb2907a079add8,High,Over_3years,Low,Luxury
ab3bc3b7f94e37e3e4025c0c1a154c9b,Low,Within_1year,High,Classic
6b180bc2fcfa4ce7ffe6f532dbc30ac4,High,Within_1year,High,Luxury
58a57dc0446b9a7219ee6c6299d850de,Medium,1-3years,High,Sports
0d9dab4620b63c511aef5e21bb08de77,High,Within_1year,Low,Classic
6703811aae82f22318c726aa9333d1de,High,1-3years,Low,Classic
4b17ecf49526afe4e02f530a94958107,Medium,Over_3years,Low,Classic
347bf4f7aec092f56bf4d195febf83e9,Medium,Within_1year,High,Sports
ff32988b75c7706fe1b434115aa70d68,Low,Over_3years,Low,Sports
ed13ac737d3c7b60094465797dbc2055,Low,Over_3years,Low,Luxury
7d6e77cdd222a98663242d8e3e1e9e62,Medium,Within_1year,High,Classic
6e5d9161e0cfdadc920a98652b89fa94,Low,Within_1year,High,Luxury
6bd4598d3a5951927c445a5dde8dad7d,Medium,Within_1year,High,Classic
8f15464d120c5b76b46a1a80433496e1,High,Over_3years,High,Luxury
a6e1067a58770db7d056e8b331eb2803,Low,1-3years,Low,Classic
582a2b6137d4142e23dbd0e2a88e5251,Medium,1-3years,Low,Sports
0875fb62b838aeea1050be8081d006fe,High,Over_3years,Low,Luxury
80959eda7d80806b729d7ef8e94f8efe,High,Over_3years,High,Luxury
b56d93dae2713d0e9c592264b46a34e4,Medium,Over_3years,High,Luxury
a08fc847d0c6fb10e4549f8ec57ea342,Medium,Within_1year,High,Luxury
a28af67784d97a38c22d18f7e7dc9709,High,1-3years,High,Classic
b3d994da455452f6b49b4b5534d5dd31,High,1-3years,High,Sports
72afe2def8d34c1f353ea1eee1db76d6,Medium,1-3years,Low,Luxury
a4084bd7aa47a4c88b8ab06a85c5fdcd,Medium,1-3years,High,Luxury
03158e246a4e412bacc2941f7a5f7299,High,1-3years,High,Sports
83fa7465647762e2b5f5c9d8072993a4,High,1-3years,Low,Classic
ef24e6ac005d3b0db3273ca5739ef5dd,Medium,Over_3years,High,Classic
a7986c59d54143d41f6265059e6379d9,Medium,Over_3years,Low,Luxury
5dc991f1f9c931ea00873cba02823907,High,Within_1year,High,Luxury
8e53a3a0a7318637c86923b825a4b092,Medium,Over_3years,Low,Classic
005d8df2c95183d5fd1890394037143b,Medium,Over_3years,Low,Sports
c1ebc0077f722663aff6483fcffe3e7e,Medium,1-3years,High,Sports
b1f87e598f3fdb1b85189e3b0732b6d2,Medium,Within_1year,Low,Luxury
70b56b05870ee39b00be557bcedcd256,Low,1-3years,High,Sports
ba212224b64d381ec1d81c7ae766ee90,Low,Within_1year,High,Luxury
a926ed95ee23c14c81bc6739de948453,High,Over_3years,High,Luxury
970aa301052b95e78766bdbda2966012,Low,Over_3years,High,Classic
1c9e0267d6cffc267bcfe7a729ff982a,Medium,1-3years,High,Luxury
27bc18d5dd1e528ff5581c9031e15c64,Low,1-3years,High,Sports
3a28ffed449d148704ff18884838d61e,High,1-3years,High,Sports
a4ddbd5119fa542c0f412552b807c245,High,Over_3years,Low,Luxury
cbdb05dea15a705d48237b85c04b5635,High,Over_3years,High,Classic
64a865ddfe118427665de9502427604c,Low,Over_3years,High,Luxury
eb721361e50f52db849fb56e8b687f50,Low,Within_1year,Low,Sports
40547a66c559d96e23b91bfbed1df250,Low,1-3years,High,Luxury
3ad327326397c26dc7b4cf431296fd0a,High,Within_1year,High,Luxury
9963db7c958397fe118ff55fea7e8a57,Medium,Over_3years,Low,Sports
f599be1dee45099e862f34465e558f68,Medium,Over_3years,High,Classic
57a09e4650f6bb5be3b11ce7a9038ede,High,Within_1year,High,Sports
a4337c8d016860c3f121e5b3655c275b,High,1-3years,High,Classic
1853022293b393af51a7cc86ca159855,High,1-3years,High,Luxury
29610d1829b4da4c9ba8cefc3c697825,High,Over_3years,Low,Sports
ebfefceaebcaec66fe58ebc130172138,Medium,Over_3years,High,Sports
62dad9c98fa7917706ee109434791856,Low,Over_3years,High,Classic
44189513fe04937dd8e075d1f9fa9586,Low,1-3years,High,Classic
be0383113d578d80697fbb88be7d3956,Medium,Within_1year,High,Sports
8b26a95e7380908a4320812af0d85a6b,Low,Over_3years,High,Luxury
abdf621de1e6830526bb7af8a069a4a3,Medium,Over_3years,Low,Sports
04c3700e3efe0def178ae669e4e8e4be,Low,Within_1year,Low,Luxury
e285604d5ab81900581ebe6271d80672,Medium,1-3years,Low,Luxury
c4a0b49dd02106016b2e92a1c7489989,Low,Over_3years,Low,Luxury
9f7d1d5b50a6ae11abfc51ea3f0e4c82,High,1-3years,High,Luxury
fbc8218215d93b9a23c80be93c1d9945,High,Over_3years,Low,Classic
154505880c1a92fd958db57984276a0f,Low,1-3years,High,Classic
352de0833bac1717ee0e2551c25f70db,Medium,Within_1year,High,Sports
b4aaf6eca2448437eda714570fccd8bf,Low,Over_3years,Low,Classic
173879f8bd88aced96e4601d9d355db2,Low,Over_3years,High,Sports
f48069aa009bb00729b8488f839dd7c7,High,Over_3years,High,Sports
6d020e88a058216f4632a062f5a2f5ab,Medium,Over_3years,Low,Luxury
2e25748e3b0072e14cbc8912f38e4990,High,Over_3years,High,Sports
16b4e241afc4e66d713cf9f042116260,Low,Within_1year,Low,Classic
f9723ac360b19a01879478abe4579d2f,High,Over_3years,High,Classic
5f48dd53b8056f520bb737373b41a537,Medium,Over_3years,Low,Sports
050752fe2ba153bfd2af7659bd20878c,Low,1-3years,High,Luxury
1e5b10c461ac43d192e1127bbff8fc35,Low,Over_3years,High,Sports
f133b43e390a21f9e7c0bc751d8e4181,High,1-3years,Low,Sports
db0c49b5547736d55db3ee2c5c492642,Medium,Within_1year,High,Classic
6bf5392079f4e896f8e1de4742a8528e,Medium,1-3years,High,Classic
66cd66751d4b49ca367f279de305f00f,Medium,1-3years,High,Luxury
90665deb30dc505e6318cc7480018b50,Medium,Within_1year,High,Classic
56dd5e5a889ccb868dabf248a5d845f2,Medium,Within_1year,Low,Sports
45c59b05006d5994fa666865bda562b1,Low,1-3years,High,Classic
bb99bae6eaf8bc47b7873ebeb6162f93,Low,1-3years,Low,Classic
d3cdb6b77482c0201d95e1df3236c00f,Medium,Within_1year,Low,Classic
3c25593f654471107e4f6ab62a97932c,Medium,Within_1year,Low,Classic
76387235d26f77c98c119ea5da24d889,Low,Within_1year,High,Luxury
036b6e4a4788c8b75e5be6b4806cae3c,Low,Within_1year,Low,Classic
bca2d89ebd0d9c7949a12a8f4274c838,Medium,Within_1year,Low,Sports
12d71686d6c6b565f4880e01d7d9edb9,Medium,1-3years,High,Classic
7ef6ee04baaeda855e73ba4cf0712622,Low,Within_1year,High,Luxury
b11750d062e796a279ff0a1769d8c9c0,High,Over_3years,High,Luxury
594d348c4770e67928ae0bd0ec26e98c,High,Over_3years,Low,Luxury
8b80b610e06f073711f2f6eed7606569,High,Over_3years,Low,Sports
58a11446cb05bddb7d56cd075787ddc4,Low,Over_3years,Low,Sports
580170c00fb86903aa5c5f20c5093448,Low,Within_1year,High,Classic
b91eee0f9d1659dd664325c8deb691b8,Low,Over_3years,Low,Sports
9b5db4077e1fbfc1da6ea80a4818da02,High,1-3years,Low,Sports
fad084a3b81c9ae4e11028509b4c3bdf,Medium,Over_3years,High,Classic
7dfbd2c094cc3242d97fe7d89fdd378b,Low,Within_1year,High,Sports
56f5cfc328e55221015f09bf10e53660,Low,Over_3years,High,Classic
16d2a634bcc044c7b3ddc1293e91646b,Low,1-3years,High,Classic
